<?xml version="1.0" encoding="UTF-8"?>
<project-private xmlns="http://www.netbeans.org/ns/project-private/1">
    <editor-bookmarks xmlns="http://www.netbeans.org/ns/editor-bookmarks/2" lastBookmarkId="0"/>
    <open-files xmlns="http://www.netbeans.org/ns/projectui-open-files/2">
        <group>
            <file>file:/D:/kakar/Documents/NetBeansProjects/3hGE/src/OkHTTPTest.java</file>
            <file>file:/D:/kakar/Documents/NetBeansProjects/3hGE/src/DualAxisDemo2.java</file>
            <file>file:/D:/kakar/Documents/NetBeansProjects/3hGE/src/GsonTester.java</file>
            <file>file:/D:/kakar/Documents/NetBeansProjects/3hGE/src/pkg3hge/Main.java</file>
            <file>file:/D:/kakar/Documents/NetBeansProjects/3hGE/src/Student.java</file>
        </group>
    </open-files>
</project-private>
